detector,precision,recall,f1,n_eval_cells,tp,fp,fn,tn,n_true_anomalous,n_flagged,n_total
count_vector_pca,0.21247398066360862,0.8181338373919874,0.3373390927195386,666435,66655,247054,14817,337909,81472,313709,666435
isolation_forest_counts,0.8133333333333334,0.0007487234878240378,0.0014960697511864323,666435,61,14,81411,584949,81472,75,666435
timing_inter_arrival_isolation_forest,0.029846108972855067,0.11554890023566379,0.04743883695734334,666435,9414,306004,72058,278959,81472,315418,666435
