detector,precision,recall,f1,grid_flagged_frac,lift,detection_rate,expected_detection_rate_by_chance,n_injections_detected,n_injections_total,n_eval_cells,tp,fp,fn,tn,jaccard_pca_timing,pca_recall,timing_recall,fusion_recall,recall_gain_over_pca,recall_gain_over_timing,pca_precision,timing_precision,fusion_precision,precision_cost_vs_pca,precision_cost_vs_timing
count_vector_pca,1.115800333538469e-05,0.43333333333333335,2.2315432065387648e-05,0.3977595272836769,1.089435459390733,0.4666666666666667,0.6373064130224199,7,15,2929114,13,1165070,17,1764014,0.1197954065831666,0.43333333333333335,0.13333333333333333,0.43333333333333335,0.0,0.30000000000000004,1.115800333538469e-05,8.524495136775525e-06,8.907282045660098e-06,2.2507212897245917e-06,-3.8278690888457293e-07
isolation_forest_counts,8.91269568937473e-06,0.06666666666666667,1.782300861296891e-05,0.07660985540337453,0.8702100573829058,0.06666666666666667,0.14735064086182303,1,15,2929114,2,224397,28,2704687,0.1197954065831666,0.43333333333333335,0.13333333333333333,0.43333333333333335,0.0,0.30000000000000004,1.115800333538469e-05,8.524495136775525e-06,8.907282045660098e-06,2.2507212897245917e-06,-3.8278690888457293e-07
timing_inter_arrival_isolation_forest,8.524495136775525e-06,0.13333333333333333,1.7047900337974626e-05,0.16019724735875762,0.8323072682687035,0.13333333333333333,0.2947313366561923,2,15,2929114,4,469232,26,2459852,0.1197954065831666,0.43333333333333335,0.13333333333333333,0.43333333333333335,0.0,0.30000000000000004,1.115800333538469e-05,8.524495136775525e-06,8.907282045660098e-06,2.2507212897245917e-06,-3.8278690888457293e-07
