detector,recall,detection_rate,grid_flagged_frac,lift,n_injections_detected,n_injections_total,precision,f1,jaccard_pca_zscore,pca_recall,zscore_recall,fusion_recall,recall_gain_over_pca,recall_gain_over_zscore,pca_precision,zscore_precision,fusion_precision
count_vector_pca,0.19291338582677164,0.45,0.39775053638324054,0.48501100106850836,18,40,4.2061457798623476e-05,8.410457803531707e-05,0.24574631474550435,0.19291338582677164,0.18110236220472442,0.3346456692913386,0.14173228346456695,0.15354330708661418,4.2061457798623476e-05,3.182998910860808e-05,4.056810621398387e-05
z_score_threshold,0.18110236220472442,0.5,0.4934240985278994,0.36703185504119523,20,40,3.182998910860808e-05,6.364879150316307e-05,0.24574631474550435,0.19291338582677164,0.18110236220472442,0.3346456692913386,0.14173228346456695,0.15354330708661418,4.2061457798623476e-05,3.182998910860808e-05,4.056810621398387e-05
isolation_forest_counts,0.10236220472440945,0.25,0.07658910790350974,1.3365112550125242,10,40,0.0001159058487874465,0.00023154951151958822,0.24574631474550435,0.19291338582677164,0.18110236220472442,0.3346456692913386,0.14173228346456695,0.15354330708661418,4.2061457798623476e-05,3.182998910860808e-05,4.056810621398387e-05
