detector,precision,recall,f1,grid_flagged_frac,lift,detection_rate,expected_detection_rate_by_chance,n_injections_detected,n_injections_total,n_eval_cells,tp,fp,fn,tn,jaccard_pca_timing,pca_recall,timing_recall,fusion_recall,recall_gain_over_pca,recall_gain_over_timing,pca_precision,timing_precision,fusion_precision,precision_cost_vs_pca,precision_cost_vs_timing,meaningful
count_vector_pca,1.5449516558877677e-05,0.24,3.0897044182773175e-05,0.3977589879291515,0.6033804572198594,0.25,0.6073624164485389,10,40,2929123,18,1165067,57,1763981,0.04825588626211679,0.24,0.05333333333333334,0.29333333333333333,0.053333333333333344,0.24,1.5449516558877677e-05,1.7091022513149405e-05,1.6482882526496234e-05,-1.0333659676185569e-06,6.08139986653171e-07,False
isolation_forest_counts,5.793252198093574e-05,0.17333333333333334,0.00011582633178007252,0.076609620012543,2.262553101098193,0.175,0.13850763287986018,7,40,2929123,13,224386,62,2704662,0.04825588626211679,0.24,0.05333333333333334,0.29333333333333333,0.053333333333333344,0.24,1.5449516558877677e-05,1.7091022513149405e-05,1.6482882526496234e-05,-1.0333659676185569e-06,6.08139986653171e-07,False
timing_inter_arrival_isolation_forest,1.7091022513149405e-05,0.05333333333333334,3.4171094671017786e-05,0.07990139027961611,0.6674894284904498,0.1,0.14422890362674157,4,40,2929123,4,234037,71,2695011,0.04825588626211679,0.24,0.05333333333333334,0.29333333333333333,0.053333333333333344,0.24,1.5449516558877677e-05,1.7091022513149405e-05,1.6482882526496234e-05,-1.0333659676185569e-06,6.08139986653171e-07,False
timing_zscore_threshold,3.251985267814825e-05,0.6266666666666667,6.503633040116345e-05,0.4934142403716061,1.2700619791490086,0.925,0.7121262896704584,37,40,2929123,47,1445224,28,1483824,0.04825588626211679,0.24,0.05333333333333334,0.29333333333333333,0.053333333333333344,0.24,1.5449516558877677e-05,1.7091022513149405e-05,1.6482882526496234e-05,-1.0333659676185569e-06,6.08139986653171e-07,False
