fault_type,pca_detection_rate,pca_lift,zscore_detection_rate,zscore_lift,logratio_detection_rate,logratio_lift
stall,0.4666666666666667,1.089435459390733,0.9333333333333333,1.553815957689472,0.2,2.2538971319525
burst,0.4,0.7269849530845094,0.4,0.4639350734893649,0.5333333333333333,7.330342471167365
