detector,recall,detection_rate,grid_flagged_frac,lift,n_injections_detected,n_injections_total,precision,f1,jaccard_pca_zscore,pca_recall,zscore_recall,fusion_recall,recall_gain_over_pca,recall_gain_over_zscore,pca_precision,zscore_precision,fusion_precision
count_vector_pca,0.5080213903743316,0.51,0.39776037264078157,1.27720463202886,51,100,8.153813538592e-05,0.0001630501010052468,0.245736355310962,0.5080213903743316,0.37433155080213903,0.7112299465240641,0.20320855614973254,0.3368983957219251,8.153813538592e-05,4.8433588555281404e-05,6.347088380580964e-05
z_score_threshold,0.37433155080213903,0.54,0.4934124189013324,0.7586585510669809,54,100,4.8433588555281404e-05,9.685464539092955e-05,0.245736355310962,0.5080213903743316,0.37433155080213903,0.7112299465240641,0.20320855614973254,0.3368983957219251,8.153813538592e-05,4.8433588555281404e-05,6.347088380580964e-05
isolation_forest_counts,0.1443850267379679,0.17,0.07660896615671178,1.8847014126598836,17,100,0.00012032139180655885,0.00024044241404183698,0.245736355310962,0.5080213903743316,0.37433155080213903,0.7112299465240641,0.20320855614973254,0.3368983957219251,8.153813538592e-05,4.8433588555281404e-05,6.347088380580964e-05
