detector,recall,detection_rate,grid_flagged_frac,lift,n_injections_detected,n_injections_total,precision,f1,jaccard_pca_zscore,pca_recall,zscore_recall,fusion_recall,recall_gain_over_pca,recall_gain_over_zscore,pca_precision,zscore_precision,fusion_precision
count_vector_pca,0.24,0.25,0.3977589879291515,0.6033804572198594,10,40,1.5449516558877677e-05,3.0897044182773175e-05,0.24572871156246048,0.24,0.6266666666666667,0.7466666666666667,0.5066666666666667,0.12,1.5449516558877677e-05,3.251985267814825e-05,2.6724633669697843e-05
z_score_threshold,0.6266666666666667,0.925,0.4934142403716061,1.2700619791490086,37,40,3.251985267814825e-05,6.503633040116345e-05,0.24572871156246048,0.24,0.6266666666666667,0.7466666666666667,0.5066666666666667,0.12,1.5449516558877677e-05,3.251985267814825e-05,2.6724633669697843e-05
isolation_forest_counts,0.17333333333333334,0.175,0.076609620012543,2.262553101098193,7,40,5.793252198093574e-05,0.00011582633178007252,0.24572871156246048,0.24,0.6266666666666667,0.7466666666666667,0.5066666666666667,0.12,1.5449516558877677e-05,3.251985267814825e-05,2.6724633669697843e-05
