detector,precision,recall,f1,grid_flagged_frac,lift,detection_rate,expected_detection_rate_by_chance,n_injections_detected,n_injections_total,n_eval_cells,tp,fp,fn,tn,jaccard_pca_timing,pca_recall,timing_recall,fusion_recall,recall_gain_over_pca,recall_gain_over_timing,pca_precision,timing_precision,fusion_precision,precision_cost_vs_pca,precision_cost_vs_timing,meaningful
count_vector_pca,4.806491510105219e-05,0.2857142857142857,9.611366126971294e-05,0.39775641933839667,0.7183147067482282,0.3,0.6277208195433512,30,100,2929157,56,1165035,140,1763926,0.048256382400869095,0.2857142857142857,0.030612244897959183,0.3010204081632653,0.015306122448979609,0.27040816326530615,4.806491510105219e-05,2.563631469430831e-05,4.420386221880912e-05,3.861052882243075e-06,-1.8567547524500805e-05,False
isolation_forest_counts,0.00010249600042780939,0.11734693877551021,0.0002048131080389145,0.0766087307713448,1.5317697812506168,0.12,0.14451897058665522,12,100,2929157,23,224376,173,2704585,0.048256382400869095,0.2857142857142857,0.030612244897959183,0.3010204081632653,0.015306122448979609,0.27040816326530615,4.806491510105219e-05,2.563631469430831e-05,4.420386221880912e-05,3.861052882243075e-06,-1.8567547524500805e-05,False
timing_inter_arrival_isolation_forest,2.563631469430831e-05,0.030612244897959183,5.1229726902864175e-05,0.07990114561971243,0.38312648286242884,0.06,0.1504774200661475,6,100,2929157,6,234037,190,2694924,0.048256382400869095,0.2857142857142857,0.030612244897959183,0.3010204081632653,0.015306122448979609,0.27040816326530615,4.806491510105219e-05,2.563631469430831e-05,4.420386221880912e-05,3.861052882243075e-06,-1.8567547524500805e-05,False
timing_zscore_threshold,8.925346739342513e-05,0.6581632653061225,0.00017848273075810888,0.4934259242505608,1.3338643815802194,0.91,0.7333844345174796,91,100,2929157,129,1445193,67,1483768,0.048256382400869095,0.2857142857142857,0.030612244897959183,0.3010204081632653,0.015306122448979609,0.27040816326530615,4.806491510105219e-05,2.563631469430831e-05,4.420386221880912e-05,3.861052882243075e-06,-1.8567547524500805e-05,False
