detector,recall,detection_rate,grid_flagged_frac,lift,n_injections_detected,n_injections_total,precision,f1
count_vector_pca,0.588,0.63,0.39769438868653645,1.4785222440326227,63,100,0.0001262255470203043,0.0002523969121727425
isolation_forest_counts,0.208,0.32,0.07656025576317456,2.7168143304459527,32,100,0.00023194197882191316,0.0004633672541925825
z_score_threshold,0.372,0.34,0.4935273776830102,0.7537575762188687,34,100,6.435037603453609e-05,0.00012867849263523178
log_ratio_threshold,0.304,0.47,0.05919065243240696,5.135946091270986,47,100,0.0004384699705763572,0.0008756769213042976
