detector,recall,detection_rate,grid_flagged_frac,lift,n_injections_detected,n_injections_total,precision,f1,jaccard_pca_zscore,pca_recall,zscore_recall,fusion_recall,recall_gain_over_pca,recall_gain_over_zscore,pca_precision,zscore_precision,fusion_precision
count_vector_pca,0.2891566265060241,0.4,0.3977477460560462,0.7269849530845094,6,15,2.0600964468486533e-05,4.119899371457852e-05,0.24573930208073827,0.2891566265060241,0.2289156626506024,0.43373493975903615,0.14457831325301207,0.20481927710843376,2.0600964468486533e-05,1.3146778243604266e-05,1.7181195753953822e-05
z_score_threshold,0.2289156626506024,0.4,0.49342176466390825,0.4639350734893649,6,15,1.3146778243604266e-05,2.629204651754925e-05,0.24573930208073827,0.2891566265060241,0.2289156626506024,0.43373493975903615,0.14457831325301207,0.20481927710843376,2.0600964468486533e-05,1.3146778243604266e-05,1.7181195753953822e-05
isolation_forest_counts,0.24096385542168675,0.4666666666666667,0.07658919820811157,3.1461858990471354,7,15,8.915516565029778e-05,0.00017824438195988612,0.24573930208073827,0.2891566265060241,0.2289156626506024,0.43373493975903615,0.14457831325301207,0.20481927710843376,2.0600964468486533e-05,1.3146778243604266e-05,1.7181195753953822e-05
