fault_type,pca_detection_rate,pca_lift,zscore_detection_rate,zscore_lift,logratio_detection_rate,logratio_lift
stall,0.3,0.7183147067482282,0.91,1.3338643815802194,0.08,0.9487699072287686
burst,0.46,0.5221905627486291,0.63,0.49625388138451654,0.68,7.292817753575639
