detector,recall,detection_rate,grid_flagged_frac,lift,n_injections_detected,n_injections_total,precision,f1
count_vector_pca,0.2891566265060241,0.4,0.3977477460560462,0.7269849530845094,6,15,2.0600964468486533e-05,4.119899371457852e-05
isolation_forest_counts,0.24096385542168675,0.4666666666666667,0.07658919820811157,3.1461858990471354,7,15,8.915516565029778e-05,0.00017824438195988612
z_score_threshold,0.2289156626506024,0.4,0.49342176466390825,0.4639350734893649,6,15,1.3146778243604266e-05,2.629204651754925e-05
log_ratio_threshold,0.43373493975903615,0.5333333333333333,0.05916980570349306,7.330342471167365,8,15,0.00020772386574114144,0.000415248860949305
