fault_type,pca_detection_rate,pca_lift,zscore_detection_rate,zscore_lift,logratio_detection_rate,logratio_lift
stall,0.25,0.6033804572198594,0.925,1.2700619791490086,0.05,0.6761868265684787
burst,0.45,0.48501100106850836,0.5,0.36703185504119523,0.725,8.11461987857872
