detector,recall,detection_rate,grid_flagged_frac,lift,n_injections_detected,n_injections_total,precision,f1,jaccard_pca_zscore,pca_recall,zscore_recall,fusion_recall,recall_gain_over_pca,recall_gain_over_zscore,pca_precision,zscore_precision,fusion_precision
count_vector_pca,0.43333333333333335,0.4666666666666667,0.3977595272836769,1.089435459390733,7,15,1.115800333538469e-05,2.2315432065387648e-05,0.2457295079854884,0.43333333333333335,0.7666666666666667,0.9,0.4666666666666667,0.1333333333333333,1.115800333538469e-05,1.5914190683832775e-05,1.2885208067476495e-05
z_score_threshold,0.7666666666666667,0.9333333333333333,0.4934089284336492,1.553815957689472,14,15,1.5914190683832775e-05,3.182772069929654e-05,0.2457295079854884,0.43333333333333335,0.7666666666666667,0.9,0.4666666666666667,0.1333333333333333,1.115800333538469e-05,1.5914190683832775e-05,1.2885208067476495e-05
isolation_forest_counts,0.06666666666666667,0.06666666666666667,0.07660985540337453,0.8702100573829058,1,15,8.91269568937473e-06,1.782300861296891e-05,0.2457295079854884,0.43333333333333335,0.7666666666666667,0.9,0.4666666666666667,0.1333333333333333,1.115800333538469e-05,1.5914190683832775e-05,1.2885208067476495e-05
