detector,recall,detection_rate,grid_flagged_frac,lift,n_injections_detected,n_injections_total,precision,f1,jaccard_pca_zscore,pca_recall,zscore_recall,fusion_recall,recall_gain_over_pca,recall_gain_over_zscore,pca_precision,zscore_precision,fusion_precision
count_vector_pca,0.2857142857142857,0.3,0.39775641933839667,0.7183147067482282,30,100,4.806491510105219e-05,9.611366126971294e-05,0.24572916119857408,0.2857142857142857,0.6581632653061225,0.7806122448979592,0.4948979591836735,0.12244897959183676,4.806491510105219e-05,8.925346739342513e-05,7.301394900476738e-05
z_score_threshold,0.6581632653061225,0.91,0.4934259242505608,1.3338643815802194,91,100,8.925346739342513e-05,0.00017848273075810888,0.24572916119857408,0.2857142857142857,0.6581632653061225,0.7806122448979592,0.4948979591836735,0.12244897959183676,4.806491510105219e-05,8.925346739342513e-05,7.301394900476738e-05
isolation_forest_counts,0.11734693877551021,0.12,0.0766087307713448,1.5317697812506168,12,100,0.00010249600042780939,0.0002048131080389145,0.24572916119857408,0.2857142857142857,0.6581632653061225,0.7806122448979592,0.4948979591836735,0.12244897959183676,4.806491510105219e-05,8.925346739342513e-05,7.301394900476738e-05
