fault_type,pca_detection_rate,pca_lift,zscore_detection_rate,zscore_lift,logratio_detection_rate,logratio_lift
stall,0.51,1.27720463202886,0.54,0.7586585510669809,0.03,0.27119241418059437
burst,0.63,1.4785222440326227,0.34,0.7537575762188687,0.47,5.135946091270986
