detector,precision,recall,f1,grid_flagged_frac,lift,detection_rate,expected_detection_rate_by_chance,n_injections_detected,n_injections_total,n_eval_cells,tp,fp,fn,tn,jaccard_pca_timing,pca_recall,timing_recall,fusion_recall,recall_gain_over_pca,recall_gain_over_timing,pca_precision,timing_precision,fusion_precision,precision_cost_vs_pca,precision_cost_vs_timing,meaningful
count_vector_pca,8.153813538592e-05,0.5080213903743316,0.0001630501010052468,0.39776037264078157,1.27720463202886,0.51,0.6061663136205614,51,100,2929148,95,1165004,92,1763957,0.04825759159322501,0.5080213903743316,0.10695187165775401,0.5668449197860963,0.05882352941176472,0.4598930481283423,8.153813538592e-05,8.545365207545557e-05,7.941663239014844e-05,2.1215029957715554e-06,6.0370196853071326e-06,True
isolation_forest_counts,0.00012032139180655885,0.1443850267379679,0.00024044241404183698,0.07660896615671178,1.8847014126598836,0.17,0.1381527943978789,17,100,2929148,27,224372,160,2704589,0.04825759159322501,0.5080213903743316,0.10695187165775401,0.5668449197860963,0.05882352941176472,0.4598930481283423,8.153813538592e-05,8.545365207545557e-05,7.941663239014844e-05,2.1215029957715554e-06,6.0370196853071326e-06,True
timing_inter_arrival_isolation_forest,8.545365207545557e-05,0.10695187165775401,0.00017077085966050754,0.07990207391364315,1.3385368666819066,0.15,0.14386250118685248,15,100,2929148,20,234025,167,2694936,0.04825759159322501,0.5080213903743316,0.10695187165775401,0.5668449197860963,0.05882352941176472,0.4598930481283423,8.153813538592e-05,8.545365207545557e-05,7.941663239014844e-05,2.1215029957715554e-06,6.0370196853071326e-06,True
timing_zscore_threshold,4.8433588555281404e-05,0.37433155080213903,9.685464539092955e-05,0.4934124189013324,0.7586585510669809,0.54,0.7108746641858162,54,100,2929148,70,1445208,117,1483753,0.04825759159322501,0.5080213903743316,0.10695187165775401,0.5668449197860963,0.05882352941176472,0.4598930481283423,8.153813538592e-05,8.545365207545557e-05,7.941663239014844e-05,2.1215029957715554e-06,6.0370196853071326e-06,True
