detector,precision,recall,f1,grid_flagged_frac,lift,detection_rate,expected_detection_rate_by_chance,n_injections_detected,n_injections_total,n_eval_cells,tp,fp,fn,tn,jaccard_pca_timing,pca_recall,timing_recall,fusion_recall,recall_gain_over_pca,recall_gain_over_timing,pca_precision,timing_precision,fusion_precision,precision_cost_vs_pca,precision_cost_vs_timing,meaningful
count_vector_pca,1.115800333538469e-05,0.43333333333333335,2.2315432065387648e-05,0.3977595272836769,1.089435459390733,0.4666666666666667,0.6373064130224199,7,15,2929114,13,1165070,17,1764014,0.048256707794017605,0.43333333333333335,0.13333333333333333,0.43333333333333335,0.0,0.30000000000000004,1.115800333538469e-05,1.709094948769879e-05,9.739899723986226e-06,1.4181036113984635e-06,7.351049763712563e-06,True
isolation_forest_counts,8.91269568937473e-06,0.06666666666666667,1.782300861296891e-05,0.07660985540337453,0.8702100573829058,0.06666666666666667,0.14735064086182303,1,15,2929114,2,224397,28,2704687,0.048256707794017605,0.43333333333333335,0.13333333333333333,0.43333333333333335,0.0,0.30000000000000004,1.115800333538469e-05,1.709094948769879e-05,9.739899723986226e-06,1.4181036113984635e-06,7.351049763712563e-06,True
timing_inter_arrival_isolation_forest,1.709094948769879e-05,0.13333333333333333,3.417751802864076e-05,0.07990197718490984,1.6687113139237117,0.13333333333333333,0.1534196284117619,2,15,2929114,4,234038,26,2695046,0.048256707794017605,0.43333333333333335,0.13333333333333333,0.43333333333333335,0.0,0.30000000000000004,1.115800333538469e-05,1.709094948769879e-05,9.739899723986226e-06,1.4181036113984635e-06,7.351049763712563e-06,True
timing_zscore_threshold,1.5914190683832775e-05,0.7666666666666667,3.182772069929654e-05,0.4934089284336492,1.553815957689472,0.9333333333333333,0.7433654862092566,14,15,2929114,23,1445228,7,1483856,0.048256707794017605,0.43333333333333335,0.13333333333333333,0.43333333333333335,0.0,0.30000000000000004,1.115800333538469e-05,1.709094948769879e-05,9.739899723986226e-06,1.4181036113984635e-06,7.351049763712563e-06,True
