detector,recall,detection_rate,grid_flagged_frac,lift,n_injections_detected,n_injections_total,precision,f1,jaccard_pca_zscore,pca_recall,zscore_recall,fusion_recall,recall_gain_over_pca,recall_gain_over_zscore,pca_precision,zscore_precision,fusion_precision
count_vector_pca,0.2076923076923077,0.46,0.3977327866652507,0.5221905627486291,46,100,0.0001390830136713451,0.0002779798756297445,0.24577113810407794,0.2076923076923077,0.24487179487179486,0.38974358974358975,0.18205128205128204,0.14487179487179488,0.0001390830136713451,0.00013217489991730418,0.00014511093110142537
z_score_threshold,0.24487179487179486,0.63,0.4934405635047493,0.49625388138451654,63,100,0.00013217489991730418,0.0002642071882337888,0.24577113810407794,0.2076923076923077,0.24487179487179486,0.38974358974358975,0.18205128205128204,0.14487179487179488,0.0001390830136713451,0.00013217489991730418,0.00014511093110142537
isolation_forest_counts,0.07564102564102564,0.24,0.07654935293452789,0.9881340957345631,24,100,0.00026318489407923206,0.0005245446907631237,0.24577113810407794,0.2076923076923077,0.24487179487179486,0.38974358974358975,0.18205128205128204,0.14487179487179488,0.0001390830136713451,0.00013217489991730418,0.00014511093110142537
