fault_type,detector,detector_label,recall,detection_rate,base_rate,lift,n_injections_detected,n_injections_total,auc_pr,no_skill_baseline,auc_pr_ratio,auc_roc
stall,count_vector_pca,PCA (content),0.2857142857142857,0.3,0.3977564193383966,0.7183147067482282,30,100,5.7005780346107834e-05,6.691344984239493e-05,0.8519330639860417,0.4066205976962409
stall,z_score_threshold,"z_score_threshold (timing, additive)",0.6581632653061225,0.91,0.4934259242505608,1.3338643815802194,91,100,6.966712289243722e-05,6.691344984239493e-05,1.0411527586236873,0.5366595345375973
stall,log_ratio_threshold,"log_ratio_threshold (timing, symmetric)",0.0561224489795918,0.08,0.0591528552412861,0.9487699072287686,8,100,6.075704614896654e-05,6.691344984239493e-05,0.907994525645757,0.4652721405582501
stall,isolation_forest_counts,isolation_forest_counts (dead baseline),0.1173469387755102,0.12,0.0766087307713448,1.5317697812506168,12,100,7.387579544929394e-05,6.691344984239493e-05,1.1040500171983034,0.4670865986684183
burst,count_vector_pca,PCA (content),0.2076923076923077,0.46,0.3977327866652507,0.5221905627486291,46,100,0.0002136495004817,0.0002663453221736,0.8021522538414525,0.3312695790677936
burst,z_score_threshold,"z_score_threshold (timing, additive)",0.2448717948717948,0.63,0.4934405635047493,0.4962538813845165,63,100,0.0002117586724291,0.0002663453221736,0.7950530938592678,0.4284184024514992
burst,log_ratio_threshold,"log_ratio_threshold (timing, symmetric)",0.432051282051282,0.68,0.0592433948921113,7.292817753575639,68,100,0.0042875739494042,0.0002663453221736,16.09780083394198,0.6732656854052335
burst,isolation_forest_counts,isolation_forest_counts (dead baseline),0.0756410256410256,0.24,0.0765493529345278,0.9881340957345632,24,100,0.0002281138054204,0.0002663453221736,0.8564588390695054,0.4083149499968957
