fault_type,detector,detector_label,recall,detection_rate,base_rate,lift,n_injections_detected,n_injections_total,auc_pr,no_skill_baseline,auc_pr_ratio,auc_roc
stall,count_vector_pca,PCA (content),0.5080213903743316,0.51,0.3977603726407815,1.27720463202886,51,100,7.661216252078602e-05,6.38410896274275e-05,1.2000447199114188,0.6026212198804078
stall,z_score_threshold,"z_score_threshold (timing, additive)",0.374331550802139,0.54,0.4934124189013324,0.7586585510669809,54,100,5.972203582521137e-05,6.38410896274275e-05,0.9354795817826002,0.4644839088027102
stall,log_ratio_threshold,"log_ratio_threshold (timing, symmetric)",0.0160427807486631,0.03,0.0591564509543389,0.2711924141805943,3,100,6.108641744766846e-05,6.38410896274275e-05,0.9568511095936,0.4820773343277519
stall,isolation_forest_counts,isolation_forest_counts (dead baseline),0.1443850267379679,0.17,0.0766089661567117,1.8847014126598836,17,100,0.0001865578987889,6.38410896274275e-05,2.92222297391298,0.7863123350231036
burst,count_vector_pca,PCA (content),0.588,0.63,0.3976943886865364,1.478522244032623,63,100,0.0001292749691812,8.537277510010812e-05,1.5142411504098514,0.6590477015003668
burst,z_score_threshold,"z_score_threshold (timing, additive)",0.372,0.34,0.4935273776830102,0.7537575762188687,34,100,0.0001426434559519,8.537277510010812e-05,1.670830727766875,0.5327705653253116
burst,log_ratio_threshold,"log_ratio_threshold (timing, symmetric)",0.304,0.47,0.0591906524324069,5.135946091270986,47,100,0.000706200960121,8.537277510010812e-05,8.271969129420686,0.6630625699262725
burst,isolation_forest_counts,isolation_forest_counts (dead baseline),0.208,0.32,0.0765602557631745,2.7168143304459527,32,100,0.0003434493589991,8.537277510010812e-05,4.022937740942119,0.7816591607344598
