fault_type,detector,detector_label,recall,detection_rate,base_rate,lift,n_injections_detected,n_injections_total
stall,count_vector_pca,PCA (content),0.24,0.25,0.3977589879291515,0.6033804572198594,10,40
stall,z_score_threshold,"z_score_threshold (timing, additive)",0.6266666666666667,0.925,0.4934142403716061,1.2700619791490086,37,40
stall,log_ratio_threshold,"log_ratio_threshold (timing, symmetric)",0.04,0.05,0.0591552488577639,0.6761868265684787,2,40
stall,isolation_forest_counts,isolation_forest_counts (dead baseline),0.1733333333333333,0.175,0.076609620012543,2.262553101098193,7,40
burst,count_vector_pca,PCA (content),0.1929133858267716,0.45,0.3977505363832405,0.4850110010685083,18,40
burst,z_score_threshold,"z_score_threshold (timing, additive)",0.1811023622047244,0.5,0.4934240985278994,0.3670318550411952,20,40
burst,log_ratio_threshold,"log_ratio_threshold (timing, symmetric)",0.4803149606299212,0.725,0.0591913075186522,8.11461987857872,29,40
burst,isolation_forest_counts,isolation_forest_counts (dead baseline),0.1023622047244094,0.25,0.0765891079035097,1.3365112550125242,10,40
