fault_type,detector,bgl_detection_rate,bgl_lift,thunderbird_detection_rate,thunderbird_lift
stall,count_vector_pca,0.25,0.6033804572198594,0.125,5.036598535193603
stall,z_score_threshold,0.925,1.2700619791490086,0.9,1.3912543243626865
stall,log_ratio_threshold,0.05,0.6761868265684787,0.25,1.5471379459944914
burst,count_vector_pca,0.45,0.4850110010685083,0.1,0.7129261262180501
burst,z_score_threshold,0.5,0.3670318550411952,0.4,0.4923086554462809
burst,log_ratio_threshold,0.725,8.11461987857872,0.55,1.6351312204336126
