fault_type,detector,bgl_detection_rate,bgl_lift,thunderbird_detection_rate,thunderbird_lift
stall,count_vector_pca,0.4666666666666667,1.089435459390733,0.0,0.0
stall,z_score_threshold,0.9333333333333332,1.553815957689472,1.0,1.5622889960528217
stall,log_ratio_threshold,0.2,2.2538971319525,0.2666666666666666,1.588411875696197
burst,count_vector_pca,0.4,0.7269849530845094,0.1333333333333333,0.8657844194143959
burst,z_score_threshold,0.4,0.4639350734893649,0.4,0.2590529389317985
burst,log_ratio_threshold,0.5333333333333333,7.330342471167365,0.6,1.8436698506517497
