fault_type,detector,recall,detection_rate,grid_flagged_frac,lift,n_injections_detected,n_injections_total,precision,f1
stall,count_vector_pca,0.04081632653061224,0.06,0.020625638401969185,1.978912154627679,6,100,0.00013876843018213356,0.0002765964803097881
stall,isolation_forest_counts,0.08163265306122448,0.09,0.01217681878596741,6.703939222229217,9,100,0.0004701043043925371,0.0009348251584820776
stall,z_score_threshold,0.6224489795918368,0.93,0.44806077855076715,1.3892065750658216,93,100,9.741615622996281e-05,0.00019480182506955782
stall,log_ratio_threshold,0.17857142857142858,0.23,0.12590154432902276,1.418341844201385,23,100,9.945922597988651e-05,0.00019880772169191053
burst,count_vector_pca,0.020793950850661626,0.11,0.02062819933889573,1.0080351905196767,11,100,0.00019080659150043366,0.0003781433163168841
burst,isolation_forest_counts,0.14555765595463138,0.43,0.012170816518875966,11.959563742406523,43,100,0.0022637737402246135,0.004458211504501637
burst,z_score_threshold,0.15689981096408318,0.34,0.4480713259799379,0.35016704231394685,34,100,6.628159455947895e-05,0.00013250721206422287
burst,log_ratio_threshold,0.34593572778827975,0.59,0.12590214826683765,2.7476554812639242,59,100,0.0005200917407726346,0.0010386219813275064
