fault_type,detector,bgl_detection_rate,bgl_lift,thunderbird_detection_rate,thunderbird_lift
stall,count_vector_pca,0.51,1.27720463202886,0.35,12.317252435251168
stall,z_score_threshold,0.54,0.7586585510669809,0.6,1.0727778533586985
stall,log_ratio_threshold,0.03,0.2711924141805943,0.01,0.0877618378935835
burst,count_vector_pca,0.63,1.478522244032623,0.5,11.786369730434664
burst,z_score_threshold,0.34,0.7537575762188687,0.41,1.2004126658523302
burst,log_ratio_threshold,0.47,5.135946091270986,0.01,0.0316410627745923
