fault_type,detector,recall,detection_rate,grid_flagged_frac,lift,n_injections_detected,n_injections_total,precision,f1
stall,count_vector_pca,0.2541436464088398,0.35,0.020633144262067516,12.317252435251168,35,100,0.0007976279239132319,0.0015902648136624487
stall,isolation_forest_counts,0.27071823204419887,0.3,0.01218289657560859,22.221171325233488,30,100,0.0014389756842476213,0.0028627347880699912
stall,z_score_threshold,0.48066298342541436,0.6,0.4480545361003998,1.0727778533586985,60,100,6.946984130533033e-05,0.0001389196046699342
stall,log_ratio_threshold,0.011049723756906077,0.01,0.12590579256446896,0.08776183789358351,1,100,5.6831905431709365e-06,1.1360538035081341e-05
burst,count_vector_pca,0.24302788844621515,0.5,0.020619401393685337,11.786369730434663,50,100,0.0010584948550209096,0.0021078092605390465
burst,isolation_forest_counts,0.19123505976095617,0.48,0.012175425740958864,15.706642529766325,48,100,0.0014105615798289694,0.00280046674445741
burst,z_score_threshold,0.5378486055776892,0.41,0.44805309113912095,1.2004126658523302,41,100,0.00010780508840017249,0.00021556696907252713
burst,log_ratio_threshold,0.00398406374501992,0.01,0.12591434660087045,0.031641062774592346,1,100,2.8415791223498724e-06,5.679107698598397e-06
