fault_type,detector,bgl_detection_rate,bgl_lift,thunderbird_detection_rate,thunderbird_lift
stall,count_vector_pca,0.3,0.7183147067482282,0.06,1.978912154627679
stall,z_score_threshold,0.91,1.3338643815802194,0.93,1.3892065750658216
stall,log_ratio_threshold,0.08,0.9487699072287686,0.23,1.418341844201385
burst,count_vector_pca,0.46,0.5221905627486291,0.11,1.0080351905196767
burst,z_score_threshold,0.63,0.4962538813845165,0.34,0.3501670423139468
burst,log_ratio_threshold,0.68,7.292817753575639,0.59,2.747655481263924
