fault_type,detector,recall,detection_rate,grid_flagged_frac,lift,n_injections_detected,n_injections_total,precision,f1
stall,count_vector_pca,0.0,0.0,0.02062681177828521,0.0,0,15,0.0,0.0
stall,isolation_forest_counts,0.03333333333333333,0.06666666666666667,0.012174649165302876,2.73792968329072,1,15,2.9388426837511388e-05,5.872507854479256e-05
stall,z_score_threshold,0.7,1.0,0.4480605072227832,1.5622889960528217,15,15,1.6769318854224313e-05,3.35378342703964e-05
stall,log_ratio_threshold,0.2,0.26666666666666666,0.1259119269127477,1.588411875696197,4,15,1.704971697469822e-05,3.4096527268697684e-05
burst,count_vector_pca,0.017857142857142856,0.13333333333333333,0.020625391791204987,0.8657844194143959,2,15,3.469511666232978e-05,6.925567463684056e-05
burst,isolation_forest_counts,0.017857142857142856,0.13333333333333333,0.012175940370452002,1.4665925024138364,2,15,5.877167205406994e-05,0.00011715775291429911
burst,z_score_threshold,0.11607142857142858,0.4,0.4480606514253328,0.2590529389317985,6,15,1.0381189285015551e-05,2.0760521791760784e-05
burst,log_ratio_threshold,0.23214285714285715,0.6,0.1259134638779243,1.8436698506517497,9,15,7.388252678241596e-05,0.00014771804034975088
