fault_type,detector,recall,detection_rate,grid_flagged_frac,lift,n_injections_detected,n_injections_total,precision,f1
stall,count_vector_pca,0.1038961038961039,0.125,0.02062822819212654,5.036598535193603,5,40,0.00013875880251153433,0.00027714745977031405
stall,isolation_forest_counts,0.06493506493506493,0.1,0.012177145007993108,5.332536065920328,4,40,0.00014691191161779398,0.00029316056404092523
stall,z_score_threshold,0.6233766233766234,0.9,0.44806805805414707,1.3912543243626865,36,40,3.8329198304891204e-05,7.665368344903247e-05
stall,log_ratio_threshold,0.19480519480519481,0.25,0.12591326798592298,1.5471379459944914,10,40,4.262380795417088e-05,8.52289676215152e-05
burst,count_vector_pca,0.014705882352941176,0.1,0.020627498154617143,0.7129261262180501,4,40,6.938421509106678e-05,0.0001381167777355754
burst,isolation_forest_counts,0.09191176470588236,0.375,0.012172907453915522,7.550518645922847,15,40,0.0007348402457305782,0.001458023503338874
burst,z_score_threshold,0.22058823529411764,0.4,0.44806897635011717,0.49230865544628094,16,40,4.7913028271082334e-05,9.580524709370792e-05
burst,log_ratio_threshold,0.20588235294117646,0.55,0.12591182308082866,1.6351312204336126,22,40,0.0001591361182154021,0.00031802641890894226
