fault_type,detector,recall,detection_rate,grid_flagged_frac,lift,n_injections_detected,n_injections_total
stall,z_score_threshold,0.6266666666666667,0.925,0.4934142403716061,1.2700619791490086,37,40
stall,log_ratio_threshold,0.04,0.05,0.05915524885776391,0.6761868265684787,2,40
burst,z_score_threshold,0.18110236220472442,0.5,0.4934240985278994,0.36703185504119523,20,40
burst,log_ratio_threshold,0.48031496062992124,0.725,0.0591913075186522,8.11461987857872,29,40
