fault_type,detector,recall,detection_rate,grid_flagged_frac,lift,n_injections_detected
stall,z_score_threshold,0.7666666666666667,0.9333333333333333,0.4934089284336492,1.553815957689472,14
stall,log_ratio_threshold,0.13333333333333333,0.2,0.059156796218924904,2.2538971319525,3
burst,z_score_threshold,0.2289156626506024,0.4,0.49342176466390825,0.4639350734893649,6
burst,log_ratio_threshold,0.43373493975903615,0.5333333333333333,0.05916980570349306,7.330342471167365,8
