fault_type,detector,recall,detection_rate,grid_flagged_frac,lift,n_injections_detected,n_injections_total
stall,z_score_threshold,0.6581632653061225,0.91,0.4934259242505608,1.3338643815802194,91,100
stall,log_ratio_threshold,0.05612244897959184,0.08,0.05915285524128615,0.9487699072287686,8,100
burst,z_score_threshold,0.24487179487179486,0.63,0.4934405635047493,0.49625388138451654,63,100
burst,log_ratio_threshold,0.43205128205128207,0.68,0.05924339489211136,7.292817753575639,68,100
