fault_type,detector,recall,detection_rate,grid_flagged_frac,lift,n_injections_detected,n_injections_total
stall,z_score_threshold,0.37433155080213903,0.54,0.4934124189013324,0.7586585510669809,54,100
stall,log_ratio_threshold,0.016042780748663103,0.03,0.05915645095433894,0.27119241418059437,3,100
burst,z_score_threshold,0.372,0.34,0.4935273776830102,0.7537575762188687,34,100
burst,log_ratio_threshold,0.304,0.47,0.05919065243240696,5.135946091270986,47,100
