detector,grid_size_s,precision,recall,f1,n_eval_cells,tp,fp,fn,tn,n_true_anomalous,n_flagged,n_total
count_vector_pca,30,0.21016279148894051,0.8144148247590737,0.3341078124039584,715900,67945,255352,15483,377120,83428,323297,715900
isolation_forest_counts,30,0.6444444444444445,0.0006952102411660354,0.0013889221485188822,715900,58,32,83370,632440,83428,90,715900
timing_inter_arrival_isolation_forest,30,0.03197401524539071,0.12247686627990603,0.050709677419354844,715900,10218,309354,73210,323118,83428,319572,715900
count_vector_pca,60,0.21247398066360862,0.8181338373919874,0.3373390927195386,666435,66655,247054,14817,337909,81472,313709,666435
isolation_forest_counts,60,0.8133333333333334,0.0007487234878240378,0.0014960697511864323,666435,61,14,81411,584949,81472,75,666435
timing_inter_arrival_isolation_forest,60,0.029846108972855067,0.11554890023566379,0.04743883695734334,666435,9414,306004,72058,278959,81472,315418,666435
count_vector_pca,120,0.23475348272490798,0.8299372356222159,0.3659854512639352,610355,66512,216815,13629,313399,80141,283327,610355
isolation_forest_counts,120,0.8656716417910447,0.0007237244356821103,0.0014462397765808896,610355,58,9,80083,530205,80141,67,610355
timing_inter_arrival_isolation_forest,120,0.027015145405144547,0.10198275539361874,0.04271509766773372,610355,8173,294361,71968,235853,80141,302534,610355
