dataset,n_nodes,n_pooled_fallback,R_min,R_median,R_mean,R_max,frac_R_gt_3,frac_empirical_breach_3
BGL,100,46,0.674502926537132,0.6745979948738703,1.0753502637906307,14.24146251228464,0.03,0.21
Thunderbird,100,46,0.6744907594765952,0.6744907594765953,73.56177664810436,2430.1902063941725,0.03,0.28
